Country,electricity final consumption by sector,Value,Year,Units
Argentina,Industry,125431,2000, TJ
Argentina,Industry,122562,2001, TJ
Argentina,Industry,122630,2002, TJ
Argentina,Industry,135399,2003, TJ
Argentina,Industry,143996,2004, TJ
Argentina,Industry,148132,2005, TJ
Argentina,Industry,161175,2006, TJ
Argentina,Industry,154814,2007, TJ
Argentina,Industry,165330,2008, TJ
Argentina,Industry,160192,2009, TJ
Argentina,Industry,173901,2010, TJ
Argentina,Industry,178970,2011, TJ
Argentina,Industry,181940,2012, TJ
Argentina,Industry,176140,2013, TJ
Argentina,Industry,185029,2014, TJ
Argentina,Industry,193561,2015, TJ
Argentina,Industry,185227,2016, TJ
Argentina,Industry,181372,2017, TJ
Argentina,Industry,182753,2018, TJ
Argentina,Industry,179613,2019, TJ
Argentina,Industry,182335,2020, TJ
Argentina,Industry,168728,2021, TJ
Argentina,Industry,156827,2022, TJ
Argentina,Industry,149761,2023, TJ
Argentina,Industry,149516,2024, TJ
Argentina,Transport,2012,2000, TJ
Argentina,Transport,1832,2001, TJ
Argentina,Transport,1890,2002, TJ
Argentina,Transport,1947,2003, TJ
Argentina,Transport,2102,2004, TJ
Argentina,Transport,2188,2005, TJ
Argentina,Transport,2224,2006, TJ
Argentina,Transport,2260,2007, TJ
Argentina,Transport,2350,2008, TJ
Argentina,Transport,2383,2009, TJ
Argentina,Transport,2426,2010, TJ
Argentina,Transport,2494,2011, TJ
Argentina,Transport,2214,2012, TJ
Argentina,Transport,2235,2013, TJ
Argentina,Transport,2116,2014, TJ
Argentina,Transport,2037,2015, TJ
Argentina,Transport,1965,2016, TJ
Argentina,Transport,2377,2017, TJ
Argentina,Transport,1959,2018, TJ
Argentina,Transport,1902,2019, TJ
Argentina,Transport,1129,2020, TJ
Argentina,Transport,1765,2021, TJ
Argentina,Transport,926,2022, TJ
Argentina,Transport,1027,2023, TJ
Argentina,Transport,1196,2024, TJ
Argentina,Residential,77385,2000, TJ
Argentina,Residential,79570,2001, TJ
Argentina,Residential,76485,2002, TJ
Argentina,Residential,77677,2003, TJ
Argentina,Residential,81036,2004, TJ
Argentina,Residential,87796,2005, TJ
Argentina,Residential,95471,2006, TJ
Argentina,Residential,107251,2007, TJ
Argentina,Residential,112921,2008, TJ
Argentina,Residential,116384,2009, TJ
Argentina,Residential,122986,2010, TJ
Argentina,Residential,130111,2011, TJ
Argentina,Residential,135255,2012, TJ
Argentina,Residential,144345,2013, TJ
Argentina,Residential,157982,2014, TJ
Argentina,Residential,156099,2015, TJ
Argentina,Residential,161233,2016, TJ
Argentina,Residential,161200,2017, TJ
Argentina,Residential,160103,2018, TJ
Argentina,Residential,155460,2019, TJ
Argentina,Residential,149427,2020, TJ
Argentina,Residential,172658,2021, TJ
Argentina,Residential,171274,2022, TJ
Argentina,Residential,177320,2023, TJ
Argentina,Residential,175927,2024, TJ
Argentina,Commercial and Public Services,63990,2000, TJ
Argentina,Commercial and Public Services,68860,2001, TJ
Argentina,Commercial and Public Services,66830,2002, TJ
Argentina,Commercial and Public Services,70397,2003, TJ
Argentina,Commercial and Public Services,74509,2004, TJ
Argentina,Commercial and Public Services,81234,2005, TJ
Argentina,Commercial and Public Services,82213,2006, TJ
Argentina,Commercial and Public Services,92764,2007, TJ
Argentina,Commercial and Public Services,95335,2008, TJ
Argentina,Commercial and Public Services,97336,2009, TJ
Argentina,Commercial and Public Services,95670,2010, TJ
Argentina,Commercial and Public Services,102096,2011, TJ
Argentina,Commercial and Public Services,102978,2012, TJ
Argentina,Commercial and Public Services,108842,2013, TJ
Argentina,Commercial and Public Services,105678,2014, TJ
Argentina,Commercial and Public Services,120340,2015, TJ
Argentina,Commercial and Public Services,123278,2016, TJ
Argentina,Commercial and Public Services,116143,2017, TJ
Argentina,Commercial and Public Services,115467,2018, TJ
Argentina,Commercial and Public Services,112119,2019, TJ
Argentina,Commercial and Public Services,113003,2020, TJ
Argentina,Commercial and Public Services,119060,2021, TJ
Argentina,Commercial and Public Services,114456,2022, TJ
Argentina,Commercial and Public Services,114894,2023, TJ
Argentina,Commercial and Public Services,118272,2024, TJ
Argentina,Agriculture and forestry,1731,2000, TJ
Argentina,Agriculture and forestry,1706,2001, TJ
Argentina,Agriculture and forestry,1763,2002, TJ
Argentina,Agriculture and forestry,2120,2003, TJ
Argentina,Agriculture and forestry,2707,2004, TJ
Argentina,Agriculture and forestry,2455,2005, TJ
Argentina,Agriculture and forestry,2674,2006, TJ
Argentina,Agriculture and forestry,2707,2007, TJ
Argentina,Agriculture and forestry,2631,2008, TJ
Argentina,Agriculture and forestry,2959,2009, TJ
Argentina,Agriculture and forestry,3153,2010, TJ
Argentina,Agriculture and forestry,3625,2011, TJ
Argentina,Agriculture and forestry,3758,2012, TJ
Argentina,Agriculture and forestry,3833,2013, TJ
Argentina,Agriculture and forestry,3751,2014, TJ
Argentina,Agriculture and forestry,3484,2015, TJ
Argentina,Agriculture and forestry,3319,2016, TJ
Argentina,Agriculture and forestry,3386,2017, TJ
Argentina,Agriculture and forestry,3297,2018, TJ
Argentina,Agriculture and forestry,3201,2019, TJ
Argentina,Agriculture and forestry,2382,2020, TJ
Argentina,Agriculture and forestry,2522,2021, TJ
Argentina,Agriculture and forestry,4481,2022, TJ
Argentina,Agriculture and forestry,4511,2023, TJ
Argentina,Agriculture and forestry,4769,2024, TJ
Egypt,Industry,88387,2000, TJ
Egypt,Industry,91447,2001, TJ
Egypt,Industry,95490,2002, TJ
Egypt,Industry,102189,2003, TJ
Egypt,Industry,109022,2004, TJ
Egypt,Industry,117723,2005, TJ
Egypt,Industry,124448,2006, TJ
Egypt,Industry,133361,2007, TJ
Egypt,Industry,134182,2008, TJ
Egypt,Industry,140097,2009, TJ
Egypt,Industry,146527,2010, TJ
Egypt,Industry,170589,2011, TJ
Egypt,Industry,143593,2012, TJ
Egypt,Industry,134352,2013, TJ
Egypt,Industry,137671,2014, TJ
Egypt,Industry,137916,2015, TJ
Egypt,Industry,149324,2016, TJ
Egypt,Industry,157042,2017, TJ
Egypt,Industry,159897,2018, TJ
Egypt,Industry,148129,2019, TJ
Egypt,Industry,164918,2020, TJ
Egypt,Industry,177478,2021, TJ
Egypt,Industry,179374,2022, TJ
Egypt,Industry,184273,2023, TJ
Egypt,Commercial and Public Services,50436,2000, TJ
Egypt,Commercial and Public Services,55288,2001, TJ
Egypt,Commercial and Public Services,60793,2002, TJ
Egypt,Commercial and Public Services,65350,2003, TJ
Egypt,Commercial and Public Services,72118,2004, TJ
Egypt,Commercial and Public Services,78353,2005, TJ
Egypt,Commercial and Public Services,84560,2006, TJ
Egypt,Commercial and Public Services,90252,2007, TJ
Egypt,Commercial and Public Services,93646,2008, TJ
Egypt,Commercial and Public Services,99799,2009, TJ
Egypt,Commercial and Public Services,101376,2010, TJ
Egypt,Commercial and Public Services,103464,2011, TJ
Egypt,Commercial and Public Services,121957,2012, TJ
Egypt,Commercial and Public Services,135835,2013, TJ
Egypt,Commercial and Public Services,132433,2014, TJ
Egypt,Commercial and Public Services,132811,2015, TJ
Egypt,Commercial and Public Services,141332,2016, TJ
Egypt,Commercial and Public Services,141847,2017, TJ
Egypt,Commercial and Public Services,141177,2018, TJ
Egypt,Commercial and Public Services,133804,2019, TJ
Egypt,Commercial and Public Services,143362,2020, TJ
Egypt,Commercial and Public Services,135594,2021, TJ
Egypt,Commercial and Public Services,147157,2022, TJ
Egypt,Commercial and Public Services,152688,2023, TJ
Egypt,Transport,,2000, TJ
Egypt,Transport,,2001, TJ
Egypt,Transport,,2002, TJ
Egypt,Transport,,2003, TJ
Egypt,Transport,,2004, TJ
Egypt,Transport,,2005, TJ
Egypt,Transport,,2006, TJ
Egypt,Transport,,2007, TJ
Egypt,Transport,,2008, TJ
Egypt,Transport,,2009, TJ
Egypt,Transport,,2010, TJ
Egypt,Transport,,2011, TJ
Egypt,Transport,1821,2012, TJ
Egypt,Transport,1587,2013, TJ
Egypt,Transport,1853,2014, TJ
Egypt,Transport,1990,2015, TJ
Egypt,Transport,2041,2016, TJ
Egypt,Transport,1717,2017, TJ
Egypt,Transport,2516,2018, TJ
Egypt,Transport,2482,2019, TJ
Egypt,Transport,1800,2020, TJ
Egypt,Transport,1716,2021, TJ
Egypt,Transport,1734,2022, TJ
Egypt,Transport,1782,2023, TJ
Egypt,Residential,84765,2000, TJ
Egypt,Residential,92422,2001, TJ
Egypt,Residential,99781,2002, TJ
Egypt,Residential,107362,2003, TJ
Egypt,Residential,112719,2004, TJ
Egypt,Residential,122039,2005, TJ
Egypt,Residential,131745,2006, TJ
Egypt,Residential,144975,2007, TJ
Egypt,Residential,157719,2008, TJ
Egypt,Residential,170751,2009, TJ
Egypt,Residential,184931,2010, TJ
Egypt,Residential,203990,2011, TJ
Egypt,Residential,215125,2012, TJ
Egypt,Residential,223063,2013, TJ
Egypt,Residential,232365,2014, TJ
Egypt,Residential,264099,2015, TJ
Egypt,Residential,230849,2016, TJ
Egypt,Residential,240512,2017, TJ
Egypt,Residential,216414,2018, TJ
Egypt,Residential,221551,2019, TJ
Egypt,Residential,224614,2020, TJ
Egypt,Residential,226483,2021, TJ
Egypt,Residential,228293,2022, TJ
Egypt,Residential,236875,2023, TJ
Egypt,Agriculture and forestry,9140,2000, TJ
Egypt,Agriculture and forestry,9838,2001, TJ
Egypt,Agriculture and forestry,10767,2002, TJ
Egypt,Agriculture and forestry,11807,2003, TJ
Egypt,Agriculture and forestry,12455,2004, TJ
Egypt,Agriculture and forestry,13388,2005, TJ
Egypt,Agriculture and forestry,13640,2006, TJ
Egypt,Agriculture and forestry,15152,2007, TJ
Egypt,Agriculture and forestry,16621,2008, TJ
Egypt,Agriculture and forestry,17402,2009, TJ
Egypt,Agriculture and forestry,17737,2010, TJ
Egypt,Agriculture and forestry,17233,2011, TJ
Egypt,Agriculture and forestry,22428,2012, TJ
Egypt,Agriculture and forestry,22067,2013, TJ
Egypt,Agriculture and forestry,23597,2014, TJ
Egypt,Agriculture and forestry,24318,2015, TJ
Egypt,Agriculture and forestry,24274,2016, TJ
Egypt,Agriculture and forestry,25405,2017, TJ
Egypt,Agriculture and forestry,25959,2018, TJ
Egypt,Agriculture and forestry,26542,2019, TJ
Egypt,Agriculture and forestry,28522,2020, TJ
Egypt,Agriculture and forestry,31100,2021, TJ
Egypt,Agriculture and forestry,34343,2022, TJ
Egypt,Agriculture and forestry,35634,2023, TJ
Malaysia,Industry,117439,2000, TJ
Malaysia,Industry,122680,2001, TJ
Malaysia,Industry,128066,2002, TJ
Malaysia,Industry,135727,2003, TJ
Malaysia,Industry,139845,2004, TJ
Malaysia,Industry,141134,2005, TJ
Malaysia,Industry,145494,2006, TJ
Malaysia,Industry,150163,2007, TJ
Malaysia,Industry,154364,2008, TJ
Malaysia,Industry,179272,2009, TJ
Malaysia,Industry,189773,2010, TJ
Malaysia,Industry,185792,2011, TJ
Malaysia,Industry,203939,2012, TJ
Malaysia,Industry,216507,2013, TJ
Malaysia,Industry,212353,2014, TJ
Malaysia,Industry,217702,2015, TJ
Malaysia,Industry,243752,2016, TJ
Malaysia,Industry,257274,2017, TJ
Malaysia,Industry,274100,2018, TJ
Malaysia,Industry,282526,2019, TJ
Malaysia,Industry,267281,2020, TJ
Malaysia,Industry,278673,2021, TJ
Malaysia,Industry,304254,2022, TJ
Malaysia,Industry,304006,2023, TJ
Malaysia,Transport,183,2000, TJ
Malaysia,Transport,126,2001, TJ
Malaysia,Transport,179,2002, TJ
Malaysia,Transport,212,2003, TJ
Malaysia,Transport,194,2004, TJ
Malaysia,Transport,226,2005, TJ
Malaysia,Transport,226,2006, TJ
Malaysia,Transport,147,2007, TJ
Malaysia,Transport,622,2008, TJ
Malaysia,Transport,522,2009, TJ
Malaysia,Transport,752,2010, TJ
Malaysia,Transport,752,2011, TJ
Malaysia,Transport,878,2012, TJ
Malaysia,Transport,871,2013, TJ
Malaysia,Transport,921,2014, TJ
Malaysia,Transport,957,2015, TJ
Malaysia,Transport,1227,2016, TJ
Malaysia,Transport,1651,2017, TJ
Malaysia,Transport,1734,2018, TJ
Malaysia,Transport,1719,2019, TJ
Malaysia,Transport,1404,2020, TJ
Malaysia,Transport,1256,2021, TJ
Malaysia,Transport,1590,2022, TJ
Malaysia,Transport,2112,2023, TJ
Malaysia,Residential,40820,2000, TJ
Malaysia,Residential,45277,2001, TJ
Malaysia,Residential,48600,2002, TJ
Malaysia,Residential,52264,2003, TJ
Malaysia,Residential,55224,2004, TJ
Malaysia,Residential,58406,2005, TJ
Malaysia,Residential,63410,2006, TJ
Malaysia,Residential,66891,2007, TJ
Malaysia,Residential,69814,2008, TJ
Malaysia,Residential,75009,2009, TJ
Malaysia,Residential,81097,2010, TJ
Malaysia,Residential,82479,2011, TJ
Malaysia,Residential,89009,2012, TJ
Malaysia,Residential,94701,2013, TJ
Malaysia,Residential,98222,2014, TJ
Malaysia,Residential,103456,2015, TJ
Malaysia,Residential,112132,2016, TJ
Malaysia,Residential,109283,2017, TJ
Malaysia,Residential,106893,2018, TJ
Malaysia,Residential,113652,2019, TJ
Malaysia,Residential,130788,2020, TJ
Malaysia,Residential,132889,2021, TJ
Malaysia,Residential,131549,2022, TJ
Malaysia,Residential,151498,2023, TJ
Malaysia,Commercial and Public Services,61894,2000, TJ
Malaysia,Commercial and Public Services,66117,2001, TJ
Malaysia,Commercial and Public Services,71110,2002, TJ
Malaysia,Commercial and Public Services,76107,2003, TJ
Malaysia,Commercial and Public Services,82843,2004, TJ
Malaysia,Commercial and Public Services,90950,2005, TJ
Malaysia,Commercial and Public Services,95331,2006, TJ
Malaysia,Commercial and Public Services,104486,2007, TJ
Malaysia,Commercial and Public Services,108755,2008, TJ
Malaysia,Commercial and Public Services,114825,2009, TJ
Malaysia,Commercial and Public Services,126442,2010, TJ
Malaysia,Commercial and Public Services,132555,2011, TJ
Malaysia,Commercial and Public Services,139212,2012, TJ
Malaysia,Commercial and Public Services,145126,2013, TJ
Malaysia,Commercial and Public Services,149302,2014, TJ
Malaysia,Commercial and Public Services,153374,2015, TJ
Malaysia,Commercial and Public Services,159764,2016, TJ
Malaysia,Commercial and Public Services,157511,2017, TJ
Malaysia,Commercial and Public Services,165731,2018, TJ
Malaysia,Commercial and Public Services,171063,2019, TJ
Malaysia,Commercial and Public Services,145719,2020, TJ
Malaysia,Commercial and Public Services,144151,2021, TJ
Malaysia,Commercial and Public Services,166299,2022, TJ
Malaysia,Commercial and Public Services,194950,2023, TJ
Malaysia,Agriculture and forestry,,2000, TJ
Malaysia,Agriculture and forestry,,2001, TJ
Malaysia,Agriculture and forestry,,2002, TJ
Malaysia,Agriculture and forestry,,2003, TJ
Malaysia,Agriculture and forestry,,2004, TJ
Malaysia,Agriculture and forestry,,2005, TJ
Malaysia,Agriculture and forestry,,2006, TJ
Malaysia,Agriculture and forestry,,2007, TJ
Malaysia,Agriculture and forestry,813,2008, TJ
Malaysia,Agriculture and forestry,882,2009, TJ
Malaysia,Agriculture and forestry,1004,2010, TJ
Malaysia,Agriculture and forestry,1087,2011, TJ
Malaysia,Agriculture and forestry,1256,2012, TJ
Malaysia,Agriculture and forestry,1350,2013, TJ
Malaysia,Agriculture and forestry,1508,2014, TJ
Malaysia,Agriculture and forestry,1695,2015, TJ
Malaysia,Agriculture and forestry,1958,2016, TJ
Malaysia,Agriculture and forestry,2102,2017, TJ
Malaysia,Agriculture and forestry,2223,2018, TJ
Malaysia,Agriculture and forestry,2390,2019, TJ
Malaysia,Agriculture and forestry,2477,2020, TJ
Malaysia,Agriculture and forestry,2470,2021, TJ
Malaysia,Agriculture and forestry,2428,2022, TJ
Malaysia,Agriculture and forestry,3223,2023, TJ
Pakistan,Industry,51688,2000, TJ
Pakistan,Industry,54507,2001, TJ
Pakistan,Industry,58251,2002, TJ
Pakistan,Industry,62517,2003, TJ
Pakistan,Industry,67179,2004, TJ
Pakistan,Industry,72021,2005, TJ
Pakistan,Industry,76330,2006, TJ
Pakistan,Industry,74732,2007, TJ
Pakistan,Industry,69624,2008, TJ
Pakistan,Industry,71517,2009, TJ
Pakistan,Industry,76593,2010, TJ
Pakistan,Industry,79088,2011, TJ
Pakistan,Industry,80326,2012, TJ
Pakistan,Industry,87681,2013, TJ
Pakistan,Industry,89924,2014, TJ
Pakistan,Industry,90125,2015, TJ
Pakistan,Industry,86436,2016, TJ
Pakistan,Industry,98884,2017, TJ
Pakistan,Industry,103536,2018, TJ
Pakistan,Industry,92548,2019, TJ
Pakistan,Industry,107834,2020, TJ
Pakistan,Industry,113759,2021, TJ
Pakistan,Industry,112096,2022, TJ
Pakistan,Industry,114815,2023, TJ
Pakistan,Transport,46,2000, TJ
Pakistan,Transport,39,2001, TJ
Pakistan,Transport,35,2002, TJ
Pakistan,Transport,32,2003, TJ
Pakistan,Transport,43,2004, TJ
Pakistan,Transport,46,2005, TJ
Pakistan,Transport,43,2006, TJ
Pakistan,Transport,28,2007, TJ
Pakistan,Transport,17,2008, TJ
Pakistan,Transport,7,2009, TJ
Pakistan,Transport,3,2010, TJ
Pakistan,Transport,3,2011, TJ
Pakistan,Transport,,2012, TJ
Pakistan,Transport,,2013, TJ
Pakistan,Transport,,2014, TJ
Pakistan,Transport,,2015, TJ
Pakistan,Transport,,2016, TJ
Pakistan,Transport,,2017, TJ
Pakistan,Transport,,2018, TJ
Pakistan,Transport,,2019, TJ
Pakistan,Transport,,2020, TJ
Pakistan,Transport,,2021, TJ
Pakistan,Transport,,2022, TJ
Pakistan,Transport,,2023, TJ
Pakistan,Residential,81954,2000, TJ
Pakistan,Residential,83556,2001, TJ
Pakistan,Residential,85046,2002, TJ
Pakistan,Residential,93045,2003, TJ
Pakistan,Residential,99363,2004, TJ
Pakistan,Residential,110591,2005, TJ
Pakistan,Residential,120006,2006, TJ
Pakistan,Residential,121334,2007, TJ
Pakistan,Residential,116215,2008, TJ
Pakistan,Residential,123379,2009, TJ
Pakistan,Residential,129186,2010, TJ
Pakistan,Residential,128120,2011, TJ
Pakistan,Residential,130017,2012, TJ
Pakistan,Residential,142376,2013, TJ
Pakistan,Residential,149544,2014, TJ
Pakistan,Residential,160149,2015, TJ
Pakistan,Residential,175312,2016, TJ
Pakistan,Residential,194500,2017, TJ
Pakistan,Residential,193266,2018, TJ
Pakistan,Residential,201466,2019, TJ
Pakistan,Residential,211399,2020, TJ
Pakistan,Residential,202327,2021, TJ
Pakistan,Residential,195674,2022, TJ
Pakistan,Residential,200419,2023, TJ
Pakistan,Commercial and Public Services,23518,2000, TJ
Pakistan,Commercial and Public Services,23950,2001, TJ
Pakistan,Commercial and Public Services,24570,2002, TJ
Pakistan,Commercial and Public Services,27360,2003, TJ
Pakistan,Commercial and Public Services,29286,2004, TJ
Pakistan,Commercial and Public Services,32828,2005, TJ
Pakistan,Commercial and Public Services,36442,2006, TJ
Pakistan,Commercial and Public Services,37753,2007, TJ
Pakistan,Commercial and Public Services,35855,2008, TJ
Pakistan,Commercial and Public Services,38019,2009, TJ
Pakistan,Commercial and Public Services,39726,2010, TJ
Pakistan,Commercial and Public Services,38959,2011, TJ
Pakistan,Commercial and Public Services,38383,2012, TJ
Pakistan,Commercial and Public Services,40370,2013, TJ
Pakistan,Commercial and Public Services,40881,2014, TJ
Pakistan,Commercial and Public Services,44575,2015, TJ
Pakistan,Commercial and Public Services,48960,2016, TJ
Pakistan,Commercial and Public Services,55094,2017, TJ
Pakistan,Commercial and Public Services,61937,2018, TJ
Pakistan,Commercial and Public Services,60998,2019, TJ
Pakistan,Commercial and Public Services,64450,2020, TJ
Pakistan,Commercial and Public Services,47570,2021, TJ
Pakistan,Commercial and Public Services,69350,2022, TJ
Pakistan,Commercial and Public Services,71032,2023, TJ
Pakistan,Agriculture and forestry,17726,2000, TJ
Pakistan,Agriculture and forestry,20185,2001, TJ
Pakistan,Agriculture and forestry,21657,2002, TJ
Pakistan,Agriculture and forestry,24008,2003, TJ
Pakistan,Agriculture and forestry,25156,2004, TJ
Pakistan,Agriculture and forestry,28616,2005, TJ
Pakistan,Agriculture and forestry,29433,2006, TJ
Pakistan,Agriculture and forestry,30499,2007, TJ
Pakistan,Agriculture and forestry,31662,2008, TJ
Pakistan,Agriculture and forestry,34880,2009, TJ
Pakistan,Agriculture and forestry,32295,2010, TJ
Pakistan,Agriculture and forestry,30772,2011, TJ
Pakistan,Agriculture and forestry,27709,2012, TJ
Pakistan,Agriculture and forestry,29844,2013, TJ
Pakistan,Agriculture and forestry,28918,2014, TJ
Pakistan,Agriculture and forestry,30693,2015, TJ
Pakistan,Agriculture and forestry,33195,2016, TJ
Pakistan,Agriculture and forestry,36460,2017, TJ
Pakistan,Agriculture and forestry,35312,2018, TJ
Pakistan,Agriculture and forestry,35125,2019, TJ
Pakistan,Agriculture and forestry,36856,2020, TJ
Pakistan,Agriculture and forestry,36889,2021, TJ
Pakistan,Agriculture and forestry,34354,2022, TJ
Pakistan,Agriculture and forestry,35187,2023, TJ
Sweden,Industry,204976,2000, TJ
Sweden,Industry,208472,2001, TJ
Sweden,Industry,206182,2002, TJ
Sweden,Industry,201985,2003, TJ
Sweden,Industry,205898,2004, TJ
Sweden,Industry,207208,2005, TJ
Sweden,Industry,206431,2006, TJ
Sweden,Industry,208738,2007, TJ
Sweden,Industry,207590,2008, TJ
Sweden,Industry,185151,2009, TJ
Sweden,Industry,195789,2010, TJ
Sweden,Industry,193687,2011, TJ
Sweden,Industry,194677,2012, TJ
Sweden,Industry,187250,2013, TJ
Sweden,Industry,182627,2014, TJ
Sweden,Industry,181011,2015, TJ
Sweden,Industry,181040,2016, TJ
Sweden,Industry,183380,2017, TJ
Sweden,Industry,182588,2018, TJ
Sweden,Industry,178120,2019, TJ
Sweden,Industry,170924,2020, TJ
Sweden,Industry,168890,2021, TJ
Sweden,Industry,162489,2022, TJ
Sweden,Industry,160649,2023, TJ
Sweden,Transport,11498,2000, TJ
Sweden,Transport,10303,2001, TJ
Sweden,Transport,10321,2002, TJ
Sweden,Transport,10216,2003, TJ
Sweden,Transport,10760,2004, TJ
Sweden,Transport,10144,2005, TJ
Sweden,Transport,10385,2006, TJ
Sweden,Transport,10544,2007, TJ
Sweden,Transport,8539,2008, TJ
Sweden,Transport,8776,2009, TJ
Sweden,Transport,8654,2010, TJ
Sweden,Transport,9503,2011, TJ
Sweden,Transport,9665,2012, TJ
Sweden,Transport,9899,2013, TJ
Sweden,Transport,9413,2014, TJ
Sweden,Transport,9341,2015, TJ
Sweden,Transport,9590,2016, TJ
Sweden,Transport,8913,2017, TJ
Sweden,Transport,9262,2018, TJ
Sweden,Transport,9799,2019, TJ
Sweden,Transport,9522,2020, TJ
Sweden,Transport,11732,2021, TJ
Sweden,Transport,14277,2022, TJ
Sweden,Transport,15883,2023, TJ
Sweden,Residential,151271,2000, TJ
Sweden,Residential,151848,2001, TJ
Sweden,Residential,149302,2002, TJ
Sweden,Residential,151192,2003, TJ
Sweden,Residential,148949,2004, TJ
Sweden,Residential,153586,2005, TJ
Sweden,Residential,149364,2006, TJ
Sweden,Residential,142696,2007, TJ
Sweden,Residential,140144,2008, TJ
Sweden,Residential,147405,2009, TJ
Sweden,Residential,165535,2010, TJ
Sweden,Residential,152474,2011, TJ
Sweden,Residential,158072,2012, TJ
Sweden,Residential,156614,2013, TJ
Sweden,Residential,148680,2014, TJ
Sweden,Residential,154753,2015, TJ
Sweden,Residential,160268,2016, TJ
Sweden,Residential,162475,2017, TJ
Sweden,Residential,162244,2018, TJ
Sweden,Residential,157892,2019, TJ
Sweden,Residential,153262,2020, TJ
Sweden,Residential,166320,2021, TJ
Sweden,Residential,146289,2022, TJ
Sweden,Residential,142380,2023, TJ
Sweden,Commercial and Public Services,91378,2000, TJ
Sweden,Commercial and Public Services,100918,2001, TJ
Sweden,Commercial and Public Services,100807,2002, TJ
Sweden,Commercial and Public Services,98146,2003, TJ
Sweden,Commercial and Public Services,99205,2004, TJ
Sweden,Commercial and Public Services,94086,2005, TJ
Sweden,Commercial and Public Services,97700,2006, TJ
Sweden,Commercial and Public Services,102445,2007, TJ
Sweden,Commercial and Public Services,101145,2008, TJ
Sweden,Commercial and Public Services,96278,2009, TJ
Sweden,Commercial and Public Services,97873,2010, TJ
Sweden,Commercial and Public Services,88689,2011, TJ
Sweden,Commercial and Public Services,92667,2012, TJ
Sweden,Commercial and Public Services,91814,2013, TJ
Sweden,Commercial and Public Services,94849,2014, TJ
Sweden,Commercial and Public Services,99849,2015, TJ
Sweden,Commercial and Public Services,103438,2016, TJ
Sweden,Commercial and Public Services,99226,2017, TJ
Sweden,Commercial and Public Services,100843,2018, TJ
Sweden,Commercial and Public Services,98852,2019, TJ
Sweden,Commercial and Public Services,105217,2020, TJ
Sweden,Commercial and Public Services,107877,2021, TJ
Sweden,Commercial and Public Services,111383,2022, TJ
Sweden,Commercial and Public Services,108770,2023, TJ
Sweden,Agriculture and forestry,4284,2000, TJ
Sweden,Agriculture and forestry,4719,2001, TJ
Sweden,Agriculture and forestry,4723,2002, TJ
Sweden,Agriculture and forestry,4453,2003, TJ
Sweden,Agriculture and forestry,4485,2004, TJ
Sweden,Agriculture and forestry,5486,2005, TJ
Sweden,Agriculture and forestry,7019,2006, TJ
Sweden,Agriculture and forestry,7470,2007, TJ
Sweden,Agriculture and forestry,5716,2008, TJ
Sweden,Agriculture and forestry,6577,2009, TJ
Sweden,Agriculture and forestry,4528,2010, TJ
Sweden,Agriculture and forestry,4305,2011, TJ
Sweden,Agriculture and forestry,3146,2012, TJ
Sweden,Agriculture and forestry,4478,2013, TJ
Sweden,Agriculture and forestry,4316,2014, TJ
Sweden,Agriculture and forestry,4536,2015, TJ
Sweden,Agriculture and forestry,4647,2016, TJ
Sweden,Agriculture and forestry,4118,2017, TJ
Sweden,Agriculture and forestry,4284,2018, TJ
Sweden,Agriculture and forestry,3686,2019, TJ
Sweden,Agriculture and forestry,3819,2020, TJ
Sweden,Agriculture and forestry,4291,2021, TJ
Sweden,Agriculture and forestry,5731,2022, TJ
Sweden,Agriculture and forestry,5457,2023, TJ
Sweden,Fishing,,2000, TJ
Sweden,Fishing,,2001, TJ
Sweden,Fishing,,2002, TJ
Sweden,Fishing,,2003, TJ
Sweden,Fishing,,2004, TJ
Sweden,Fishing,,2005, TJ
Sweden,Fishing,,2006, TJ
Sweden,Fishing,,2007, TJ
Sweden,Fishing,,2008, TJ
Sweden,Fishing,0,2009, TJ
Sweden,Fishing,0,2010, TJ
Sweden,Fishing,0,2011, TJ
Sweden,Fishing,0,2012, TJ
Sweden,Fishing,0,2013, TJ
Sweden,Fishing,0,2014, TJ
Sweden,Fishing,0,2015, TJ
Sweden,Fishing,0,2016, TJ
Sweden,Fishing,0,2017, TJ
Sweden,Fishing,0,2018, TJ
Sweden,Fishing,0,2019, TJ
Sweden,Fishing,0,2020, TJ
Sweden,Fishing,0,2021, TJ
Sweden,Fishing,0,2022, TJ
Sweden,Fishing,,2023, TJ
Sweden,Other non-specified,,2000, TJ
Sweden,Other non-specified,,2001, TJ
Sweden,Other non-specified,,2002, TJ
Sweden,Other non-specified,,2003, TJ
Sweden,Other non-specified,,2004, TJ
Sweden,Other non-specified,,2005, TJ
Sweden,Other non-specified,,2006, TJ
Sweden,Other non-specified,,2007, TJ
Sweden,Other non-specified,,2008, TJ
Sweden,Other non-specified,,2009, TJ
Sweden,Other non-specified,,2010, TJ
Sweden,Other non-specified,,2011, TJ
Sweden,Other non-specified,,2012, TJ
Sweden,Other non-specified,,2013, TJ
Sweden,Other non-specified,,2014, TJ
Sweden,Other non-specified,0,2015, TJ
Sweden,Other non-specified,0,2016, TJ
Sweden,Other non-specified,0,2017, TJ
Sweden,Other non-specified,0,2018, TJ
Sweden,Other non-specified,0,2019, TJ
Sweden,Other non-specified,0,2020, TJ
Sweden,Other non-specified,0,2021, TJ
Sweden,Other non-specified,0,2022, TJ
Sweden,Other non-specified,,2023, TJ
Thailand,Industry,144500,2000, TJ
Thailand,Industry,150854,2001, TJ
Thailand,Industry,164635,2002, TJ
Thailand,Industry,176623,2003, TJ
Thailand,Industry,191635,2004, TJ
Thailand,Industry,204786,2005, TJ
Thailand,Industry,213534,2006, TJ
Thailand,Industry,220204,2007, TJ
Thailand,Industry,206747,2008, TJ
Thailand,Industry,204012,2009, TJ
Thailand,Industry,229068,2010, TJ
Thailand,Industry,228304,2011, TJ
Thailand,Industry,241578,2012, TJ
Thailand,Industry,246981,2013, TJ
Thailand,Industry,297442,2014, TJ
Thailand,Industry,302335,2015, TJ
Thailand,Industry,319960,2016, TJ
Thailand,Industry,315979,2017, TJ
Thailand,Industry,316184,2018, TJ
Thailand,Industry,309974,2019, TJ
Thailand,Industry,295768,2020, TJ
Thailand,Industry,311137,2021, TJ
Thailand,Industry,318866,2022, TJ
Thailand,Industry,310587,2023, TJ
Thailand,Transport,140,2000, TJ
Thailand,Transport,133,2001, TJ
Thailand,Transport,122,2002, TJ
Thailand,Transport,122,2003, TJ
Thailand,Transport,165,2004, TJ
Thailand,Transport,201,2005, TJ
Thailand,Transport,208,2006, TJ
Thailand,Transport,208,2007, TJ
Thailand,Transport,216,2008, TJ
Thailand,Transport,223,2009, TJ
Thailand,Transport,266,2010, TJ
Thailand,Transport,381,2011, TJ
Thailand,Transport,370,2012, TJ
Thailand,Transport,590,2013, TJ
Thailand,Transport,378,2014, TJ
Thailand,Transport,388,2015, TJ
Thailand,Transport,406,2016, TJ
Thailand,Transport,882,2017, TJ
Thailand,Transport,777,2018, TJ
Thailand,Transport,774,2019, TJ
Thailand,Transport,784,2020, TJ
Thailand,Transport,792,2021, TJ
Thailand,Transport,989,2022, TJ
Thailand,Transport,1735,2023, TJ
Thailand,Residential,70106,2000, TJ
Thailand,Residential,75852,2001, TJ
Thailand,Residential,79603,2002, TJ
Thailand,Residential,84596,2003, TJ
Thailand,Residential,89042,2004, TJ
Thailand,Residential,92206,2005, TJ
Thailand,Residential,97217,2006, TJ
Thailand,Residential,100947,2007, TJ
Thailand,Residential,103626,2008, TJ
Thailand,Residential,109335,2009, TJ
Thailand,Residential,120013,2010, TJ
Thailand,Residential,118512,2011, TJ
Thailand,Residential,131774,2012, TJ
Thailand,Residential,136040,2013, TJ
Thailand,Residential,140374,2014, TJ
Thailand,Residential,145436,2015, TJ
Thailand,Residential,158155,2016, TJ
Thailand,Residential,159746,2017, TJ
Thailand,Residential,162738,2018, TJ
Thailand,Residential,177127,2019, TJ
Thailand,Residential,190297,2020, TJ
Thailand,Residential,195445,2021, TJ
Thailand,Residential,193489,2022, TJ
Thailand,Residential,207813,2023, TJ
Thailand,Commercial and Public Services,99511,2000, TJ
Thailand,Commercial and Public Services,103287,2001, TJ
Thailand,Commercial and Public Services,114069,2002, TJ
Thailand,Commercial and Public Services,121316,2003, TJ
Thailand,Commercial and Public Services,130690,2004, TJ
Thailand,Commercial and Public Services,136306,2005, TJ
Thailand,Commercial and Public Services,145925,2006, TJ
Thailand,Commercial and Public Services,154623,2007, TJ
Thailand,Commercial and Public Services,173383,2008, TJ
Thailand,Commercial and Public Services,169531,2009, TJ
Thailand,Commercial and Public Services,184158,2010, TJ
Thailand,Commercial and Public Services,183668,2011, TJ
Thailand,Commercial and Public Services,202784,2012, TJ
Thailand,Commercial and Public Services,203140,2013, TJ
Thailand,Commercial and Public Services,144640,2014, TJ
Thailand,Commercial and Public Services,153522,2015, TJ
Thailand,Commercial and Public Services,161424,2016, TJ
Thailand,Commercial and Public Services,163072,2017, TJ
Thailand,Commercial and Public Services,169084,2018, TJ
Thailand,Commercial and Public Services,177620,2019, TJ
Thailand,Commercial and Public Services,158953,2020, TJ
Thailand,Commercial and Public Services,150225,2021, TJ
Thailand,Commercial and Public Services,166726,2022, TJ
Thailand,Commercial and Public Services,180663,2023, TJ
Thailand,Agriculture and forestry,554,2000, TJ
Thailand,Agriculture and forestry,640,2001, TJ
Thailand,Agriculture and forestry,705,2002, TJ
Thailand,Agriculture and forestry,802,2003, TJ
Thailand,Agriculture and forestry,806,2004, TJ
Thailand,Agriculture and forestry,882,2005, TJ
Thailand,Agriculture and forestry,864,2006, TJ
Thailand,Agriculture and forestry,964,2007, TJ
Thailand,Agriculture and forestry,1015,2008, TJ
Thailand,Agriculture and forestry,1144,2009, TJ
Thailand,Agriculture and forestry,1209,2010, TJ
Thailand,Agriculture and forestry,1094,2011, TJ
Thailand,Agriculture and forestry,1371,2012, TJ
Thailand,Agriculture and forestry,1267,2013, TJ
Thailand,Agriculture and forestry,1490,2014, TJ
Thailand,Agriculture and forestry,1393,2015, TJ
Thailand,Agriculture and forestry,961,2016, TJ
Thailand,Agriculture and forestry,1072,2017, TJ
Thailand,Agriculture and forestry,1314,2018, TJ
Thailand,Agriculture and forestry,1684,2019, TJ
Thailand,Agriculture and forestry,1500,2020, TJ
Thailand,Agriculture and forestry,1432,2021, TJ
Thailand,Agriculture and forestry,1205,2022, TJ
Thailand,Agriculture and forestry,1743,2023, TJ
Thailand,Other non-specified,1742,2000, TJ
Thailand,Other non-specified,1476,2001, TJ
Thailand,Other non-specified,1486,2002, TJ
Thailand,Other non-specified,1591,2003, TJ
Thailand,Other non-specified,1818,2004, TJ
Thailand,Other non-specified,2041,2005, TJ
Thailand,Other non-specified,2368,2006, TJ
Thailand,Other non-specified,2491,2007, TJ
Thailand,Other non-specified,2631,2008, TJ
Thailand,Other non-specified,2505,2009, TJ
Thailand,Other non-specified,2836,2010, TJ
Thailand,Other non-specified,3358,2011, TJ
Thailand,Other non-specified,4417,2012, TJ
Thailand,Other non-specified,3538,2013, TJ
Thailand,Other non-specified,23310,2014, TJ
Thailand,Other non-specified,23515,2015, TJ
Thailand,Other non-specified,24947,2016, TJ
Thailand,Other non-specified,26575,2017, TJ
Thailand,Other non-specified,26874,2018, TJ
Thailand,Other non-specified,28252,2019, TJ
Thailand,Other non-specified,26847,2020, TJ
Thailand,Other non-specified,27443,2021, TJ
Thailand,Other non-specified,29833,2022, TJ
Thailand,Other non-specified,33313,2023, TJ
Ukraine,Industry,202338,2001, TJ
Ukraine,Industry,204285,2002, TJ
Ukraine,Industry,220251,2003, TJ
Ukraine,Industry,235278,2004, TJ
Ukraine,Industry,236552,2005, TJ
Ukraine,Industry,247219,2006, TJ
Ukraine,Industry,249008,2007, TJ
Ukraine,Industry,241718,2008, TJ
Ukraine,Industry,201095,2009, TJ
Ukraine,Industry,237279,2010, TJ
Ukraine,Industry,226403,2011, TJ
Ukraine,Industry,227163,2012, TJ
Ukraine,Industry,210902,2013, TJ
Ukraine,Industry,195843,2014, TJ
Ukraine,Industry,179866,2015, TJ
Ukraine,Industry,179787,2016, TJ
Ukraine,Industry,180846,2017, TJ
Ukraine,Industry,186217,2018, TJ
Ukraine,Industry,174929,2019, TJ
Ukraine,Industry,165196,2020, TJ
Ukraine,Industry,172719,2021, TJ
Ukraine,Industry,94995,2022, TJ
Ukraine,Industry,98573,2023, TJ
Ukraine,Transport,33249,2000, TJ
Ukraine,Transport,31280,2001, TJ
Ukraine,Transport,33127,2002, TJ
Ukraine,Transport,34401,2003, TJ
Ukraine,Transport,35161,2004, TJ
Ukraine,Transport,34138,2005, TJ
Ukraine,Transport,35614,2006, TJ
Ukraine,Transport,37818,2007, TJ
Ukraine,Transport,38440,2008, TJ
Ukraine,Transport,32918,2009, TJ
Ukraine,Transport,32299,2010, TJ
Ukraine,Transport,35593,2011, TJ
Ukraine,Transport,33404,2012, TJ
Ukraine,Transport,31284,2013, TJ
Ukraine,Transport,29059,2014, TJ
Ukraine,Transport,24505,2015, TJ
Ukraine,Transport,24465,2016, TJ
Ukraine,Transport,25358,2017, TJ
Ukraine,Transport,25025,2018, TJ
Ukraine,Transport,23771,2019, TJ
Ukraine,Transport,20565,2020, TJ
Ukraine,Transport,21501,2021, TJ
Ukraine,Transport,14341,2022, TJ
Ukraine,Transport,15105,2023, TJ
Ukraine,Residential,108442,2000, TJ
Ukraine,Residential,77745,2001, TJ
Ukraine,Residential,78328,2002, TJ
Ukraine,Residential,83178,2003, TJ
Ukraine,Residential,87228,2004, TJ
Ukraine,Residential,93830,2005, TJ
Ukraine,Residential,99640,2006, TJ
Ukraine,Residential,101703,2007, TJ
Ukraine,Residential,112536,2008, TJ
Ukraine,Residential,120826,2009, TJ
Ukraine,Residential,132264,2010, TJ
Ukraine,Residential,138455,2011, TJ
Ukraine,Residential,138258,2012, TJ
Ukraine,Residential,148960,2013, TJ
Ukraine,Residential,140299,2014, TJ
Ukraine,Residential,133264,2015, TJ
Ukraine,Residential,129301,2016, TJ
Ukraine,Residential,126153,2017, TJ
Ukraine,Residential,129409,2018, TJ
Ukraine,Residential,126849,2019, TJ
Ukraine,Residential,131594,2020, TJ
Ukraine,Residential,137587,2021, TJ
Ukraine,Residential,115573,2022, TJ
Ukraine,Residential,113868,2023, TJ
Ukraine,Commercial and Public Services,31719,2000, TJ
Ukraine,Commercial and Public Services,61218,2001, TJ
Ukraine,Commercial and Public Services,61776,2002, TJ
Ukraine,Commercial and Public Services,60739,2003, TJ
Ukraine,Commercial and Public Services,63003,2004, TJ
Ukraine,Commercial and Public Services,66797,2005, TJ
Ukraine,Commercial and Public Services,72558,2006, TJ
Ukraine,Commercial and Public Services,81619,2007, TJ
Ukraine,Commercial and Public Services,81896,2008, TJ
Ukraine,Commercial and Public Services,63079,2009, TJ
Ukraine,Commercial and Public Services,69231,2010, TJ
Ukraine,Commercial and Public Services,89928,2011, TJ
Ukraine,Commercial and Public Services,82871,2012, TJ
Ukraine,Commercial and Public Services,89679,2013, TJ
Ukraine,Commercial and Public Services,84376,2014, TJ
Ukraine,Commercial and Public Services,78606,2015, TJ
Ukraine,Commercial and Public Services,76503,2016, TJ
Ukraine,Commercial and Public Services,76957,2017, TJ
Ukraine,Commercial and Public Services,72482,2018, TJ
Ukraine,Commercial and Public Services,81173,2019, TJ
Ukraine,Commercial and Public Services,77612,2020, TJ
Ukraine,Commercial and Public Services,81147,2021, TJ
Ukraine,Commercial and Public Services,54125,2022, TJ
Ukraine,Commercial and Public Services,57007,2023, TJ
Ukraine,Agriculture and forestry,18075,2000, TJ
Ukraine,Agriculture and forestry,15206,2001, TJ
Ukraine,Agriculture and forestry,13438,2002, TJ
Ukraine,Agriculture and forestry,12455,2003, TJ
Ukraine,Agriculture and forestry,11307,2004, TJ
Ukraine,Agriculture and forestry,11700,2005, TJ
Ukraine,Agriculture and forestry,11541,2006, TJ
Ukraine,Agriculture and forestry,11833,2007, TJ
Ukraine,Agriculture and forestry,11329,2008, TJ
Ukraine,Agriculture and forestry,11437,2009, TJ
Ukraine,Agriculture and forestry,11811,2010, TJ
Ukraine,Agriculture and forestry,12772,2011, TJ
Ukraine,Agriculture and forestry,13791,2012, TJ
Ukraine,Agriculture and forestry,14169,2013, TJ
Ukraine,Agriculture and forestry,12538,2014, TJ
Ukraine,Agriculture and forestry,12031,2015, TJ
Ukraine,Agriculture and forestry,12646,2016, TJ
Ukraine,Agriculture and forestry,13111,2017, TJ
Ukraine,Agriculture and forestry,13924,2018, TJ
Ukraine,Agriculture and forestry,13231,2019, TJ
Ukraine,Agriculture and forestry,13596,2020, TJ
Ukraine,Agriculture and forestry,14216,2021, TJ
Ukraine,Agriculture and forestry,10662,2022, TJ
Ukraine,Agriculture and forestry,11845,2023, TJ
Ukraine,Fishing,,2000, TJ
Ukraine,Fishing,,2001, TJ
Ukraine,Fishing,,2002, TJ
Ukraine,Fishing,,2003, TJ
Ukraine,Fishing,162,2004, TJ
Ukraine,Fishing,154,2005, TJ
Ukraine,Fishing,147,2006, TJ
Ukraine,Fishing,162,2007, TJ
Ukraine,Fishing,169,2008, TJ
Ukraine,Fishing,154,2009, TJ
Ukraine,Fishing,,2010, TJ
Ukraine,Fishing,126,2011, TJ
Ukraine,Fishing,115,2012, TJ
Ukraine,Fishing,115,2013, TJ
Ukraine,Fishing,75,2014, TJ
Ukraine,Fishing,86,2015, TJ
Ukraine,Fishing,79,2016, TJ
Ukraine,Fishing,89,2017, TJ
Ukraine,Fishing,93,2018, TJ
Ukraine,Fishing,124,2019, TJ
Ukraine,Fishing,72,2020, TJ
Ukraine,Fishing,75,2021, TJ
Ukraine,Fishing,56,2022, TJ
Ukraine,Fishing,62,2023, TJ
Venezuela,Industry,99435,2000, TJ
Venezuela,Industry,104180,2001, TJ
Venezuela,Industry,108648,2002, TJ
Venezuela,Industry,107416,2003, TJ
Venezuela,Industry,118918,2004, TJ
Venezuela,Industry,124416,2005, TJ
Venezuela,Industry,127432,2006, TJ
Venezuela,Industry,120189,2007, TJ
Venezuela,Industry,124218,2008, TJ
Venezuela,Industry,128383,2009, TJ
Venezuela,Industry,132688,2010, TJ
Venezuela,Industry,137138,2011, TJ
Venezuela,Industry,141735,2012, TJ
Venezuela,Industry,117619,2013, TJ
Venezuela,Industry,66110,2014, TJ
Venezuela,Industry,64602,2015, TJ
Venezuela,Industry,55025,2016, TJ
Venezuela,Industry,54915,2017, TJ
Venezuela,Industry,46813,2018, TJ
Venezuela,Industry,41878,2019, TJ
Venezuela,Industry,39841,2020, TJ
Venezuela,Industry,38650,2021, TJ
Venezuela,Industry,37034,2022, TJ
Venezuela,Industry,34735,2023, TJ
Venezuela,Transport,910,2000, TJ
Venezuela,Transport,892,2001, TJ
Venezuela,Transport,867,2002, TJ
Venezuela,Transport,730,2003, TJ
Venezuela,Transport,856,2004, TJ
Venezuela,Transport,943,2005, TJ
Venezuela,Transport,982,2006, TJ
Venezuela,Transport,993,2007, TJ
Venezuela,Transport,1008,2008, TJ
Venezuela,Transport,1015,2009, TJ
Venezuela,Transport,889,2010, TJ
Venezuela,Transport,907,2011, TJ
Venezuela,Transport,882,2012, TJ
Venezuela,Transport,871,2013, TJ
Venezuela,Transport,,2014, TJ
Venezuela,Transport,,2015, TJ
Venezuela,Transport,,2016, TJ
Venezuela,Transport,846,2017, TJ
Venezuela,Transport,,2018, TJ
Venezuela,Transport,,2019, TJ
Venezuela,Transport,0,2020, TJ
Venezuela,Transport,0,2021, TJ
Venezuela,Transport,0,2022, TJ
Venezuela,Transport,,2023, TJ
Venezuela,Residential,54644,2000, TJ
Venezuela,Residential,57430,2001, TJ
Venezuela,Residential,59763,2002, TJ
Venezuela,Residential,59806,2003, TJ
Venezuela,Residential,61189,2004, TJ
Venezuela,Residential,67226,2005, TJ
Venezuela,Residential,73893,2006, TJ
Venezuela,Residential,77612,2007, TJ
Venezuela,Residential,80211,2008, TJ
Venezuela,Residential,82897,2009, TJ
Venezuela,Residential,85672,2010, TJ
Venezuela,Residential,88541,2011, TJ
Venezuela,Residential,91508,2012, TJ
Venezuela,Residential,123710,2013, TJ
Venezuela,Residential,127414,2014, TJ
Venezuela,Residential,115682,2015, TJ
Venezuela,Residential,128800,2016, TJ
Venezuela,Residential,123926,2017, TJ
Venezuela,Residential,132184,2018, TJ
Venezuela,Residential,126968,2019, TJ
Venezuela,Residential,124786,2020, TJ
Venezuela,Residential,122529,2021, TJ
Venezuela,Residential,129247,2022, TJ
Venezuela,Residential,124718,2023, TJ
Venezuela,Commercial and Public Services,63738,2000, TJ
Venezuela,Commercial and Public Services,66898,2001, TJ
Venezuela,Commercial and Public Services,64990,2002, TJ
Venezuela,Commercial and Public Services,63777,2003, TJ
Venezuela,Commercial and Public Services,69303,2004, TJ
Venezuela,Commercial and Public Services,75690,2005, TJ
Venezuela,Commercial and Public Services,75265,2006, TJ
Venezuela,Commercial and Public Services,76240,2007, TJ
Venezuela,Commercial and Public Services,77209,2008, TJ
Venezuela,Commercial and Public Services,77756,2009, TJ
Venezuela,Commercial and Public Services,68032,2010, TJ
Venezuela,Commercial and Public Services,69494,2011, TJ
Venezuela,Commercial and Public Services,67557,2012, TJ
Venezuela,Commercial and Public Services,66830,2013, TJ
Venezuela,Commercial and Public Services,97696,2014, TJ
Venezuela,Commercial and Public Services,96292,2015, TJ
Venezuela,Commercial and Public Services,87256,2016, TJ
Venezuela,Commercial and Public Services,78055,2017, TJ
Venezuela,Commercial and Public Services,87325,2018, TJ
Venezuela,Commercial and Public Services,52920,2019, TJ
Venezuela,Commercial and Public Services,52009,2020, TJ
Venezuela,Commercial and Public Services,51069,2021, TJ
Venezuela,Commercial and Public Services,53870,2022, TJ
Venezuela,Commercial and Public Services,51984,2023, TJ
Venezuela,Agriculture and forestry,,2000, TJ
Venezuela,Agriculture and forestry,,2001, TJ
Venezuela,Agriculture and forestry,,2002, TJ
Venezuela,Agriculture and forestry,,2003, TJ
Venezuela,Agriculture and forestry,,2004, TJ
Venezuela,Agriculture and forestry,,2005, TJ
Venezuela,Agriculture and forestry,0,2006, TJ
Venezuela,Agriculture and forestry,0,2007, TJ
Venezuela,Agriculture and forestry,0,2008, TJ
Venezuela,Agriculture and forestry,0,2009, TJ
Venezuela,Agriculture and forestry,0,2010, TJ
Venezuela,Agriculture and forestry,0,2011, TJ
Venezuela,Agriculture and forestry,0,2012, TJ
Venezuela,Agriculture and forestry,0,2013, TJ
Venezuela,Agriculture and forestry,0,2014, TJ
Venezuela,Agriculture and forestry,0,2015, TJ
Venezuela,Agriculture and forestry,0,2016, TJ
Venezuela,Agriculture and forestry,0,2017, TJ
Venezuela,Agriculture and forestry,0,2018, TJ
Venezuela,Agriculture and forestry,0,2019, TJ
Venezuela,Agriculture and forestry,0,2020, TJ
Venezuela,Agriculture and forestry,0,2021, TJ
Venezuela,Agriculture and forestry,0,2022, TJ
Venezuela,Agriculture and forestry,,2023, TJ
